{
  "id": "hvpunofficial",
  "title": "Herosi vs Potwory RPG",
  "description": "Unoficial modification of system for playing Polish RPG based on Midguard",
  "authors": [
    {
      "name": "Cyberpig2020",
      "email": "cyberpig2020@gmail.com"
    }
  ],
  "url": "https://github.com/cyberpig2020/hvpunofficial",
  "primaryTokenAttribute": "vitality",
  "flags": {},
  "version": "1.11.15",
  "compatibility": {
    "minimum": 10,
    "verified": 10,
    "maximum": 12
  },
  "scripts": [],
  "esmodules": ["module/hvpunofficial.mjs"],
  "styles": ["css/hvpunofficial.css"],
  "languages": [
    {
      "lang": "pl",
      "name": "Polski",
      "path": "lang/pl.json"
    }
  ],
  "packs": [],
  "socket": false,
  "manifest": "https://raw.githubusercontent.com/cyberpig2020/hvpunofficial/v10/system.json",
  "download": "https://raw.githubusercontent.com/cyberpig2020/hvpunofficial/v10/download/system.zip",
  "protected": false
}
