{
  "Actor": {
    "types": ["character", "npc"],
    "templates": {
      "common": {
        "notes": "",
        "history": "",
        "parameters": [],
        "mainParameters": {
          "bodyBuild": 0,
          "dexterity": 0,
          "perception": 0,
          "intelligence": 0,
          "cool": 0,
          "entropy": 0,
          "verve": 0
        },
        "secondaryParameters": {
          "vitality": {
            "value": 0,
            "max": 0
          },
          "potential": {
            "value": 0,
            "max": 0
          },
          "shifts": {
            "value": 0,
            "max": 0
          },
          "ether": {
            "value": 0,
            "max": 0
          },
          "power": {
            "value": 0,
            "max": 0
          },
          "concentration": {
            "value": 0,
            "max": 0
          },
          "athletic": {
            "value": 0
          },
          "appearance": {
            "value": 0
          },
          "neurostability": {
            "value": 0,
            "max": 0
          }
        },
        "skills": {
          "meleeWeapon": {
            "self": 0,
            "total": 0
          },
          "meleeCombat": {
            "self": 0,
            "total": 0
          },
          "endurance": {
            "self": 0,
            "total": 0
          },
          "shortWeapon": {
            "self": 0,
            "total": 0
          },
          "driving": {
            "self": 0,
            "total": 0
          },
          "reflex": {
            "self": 0,
            "total": 0
          },
          "longWeapon": {
            "self": 0,
            "total": 0
          },
          "pilotage": {
            "self": 0,
            "total": 0
          },
          "acuteSenses": {
            "self": 0,
            "total": 0
          },
          "connections": {
            "self": 0,
            "total": 0
          },
          "technology": {
            "self": 0,
            "total": 0
          },
          "knowledge": {
            "self": 0,
            "total": 0
          },
          "knowledgeGeneral": {
            "self": 0,
            "total": 0
          },
          "knowledgeSecret": {
            "self": 0,
            "total": 0
          },
          "hacking": {
            "self": 0,
            "total": 0
          },
          "infiltration": {
            "self": 0,
            "total": 0
          },
          "tricks": {
            "self": 0,
            "total": 0
          },
          "charm": {
            "self": 0,
            "total": 0
          },
          "hekseri": {
            "self": 0,
            "total": 0
          },
          "power": {
            "self": 0,
            "total": 0
          },
          "willpower": {
            "self": 0,
            "total": 0
          }
        },
        "exp": {
          "total": 0,
          "spent": 0
        },
        "moves": {
          "value": 0,
          "max": 0
        },
        "nornBless": {
          "value": 0,
          "max": 0
        },
        "luck": {
          "value": 0,
          "max:": 0
        },
        "potential": {
          "value": 0,
          "max:": 0
        },
        "energyProtection": {
          "value": 0,
          "max": 0
        },
        "class": "",
        "race": "",
        "rank": "",
        "archetype": ["Chimera", "Cyborg", "Esoteric",  "Symbiont", "Supersoldier"],
        "mysticlanguage": "",
        "motivation": "",
        "gender": "",
        "age": "",
        "combatRngOffOne": {
          "name": "",
          "skillSum": 0,
          "attacks": "",
          "shortDistance": "",
          "midDistance": "",
          "longDistance": "",
          "extrDistance": "",
          "damage": ""
        },
        "combatRngOffTwo": {
          "name": "",
          "skillSum": 0,
          "attacks": "",
          "shortDistance": "",
          "midDistance": "",
          "longDistance": "",
          "extrDistance": "",
          "damage": ""
        },
        "combatRngOffThree": {
          "name": "",
          "skillSum": 0,
          "attacks": "",
          "shortDistance": "",
          "midDistance": "",
          "longDistance": "",
          "extrDistance": "",
          "damage": ""
        },
        "combatRngDefOne": {
          "basic": 0,
          "atuts": 0,
          "bonuses": 0,
          "armorShield": 0
        },
        "combatRngDefTwo": {
          "basic": 0,
          "atuts": 0,
          "bonuses": 0,
          "armorShield": 0
        },
        "combatRngDefThree": {
          "basic": 0,
          "atuts": 0,
          "bonuses": 0,
          "armorShield": 0
        },
        "combatCloOffOne": {
          "name": "",
          "type": "",
          "sumSkill": "",
          "accuracy": "",
          "hits": "",
          "damage": ""
        },
        "combatCloOffTwo": {
          "name": "",
          "type": "",
          "sumSkill": "",
          "accuracy": "",
          "hits": "",
          "damage": ""
        },
        "combatCloOffThree": {
          "name": "",
          "type": "",
          "sumSkill": "",
          "accuracy": "",
          "hits": "",
          "damage": ""
        },
        "combatCloDefOne": {
          "basic": 0,
          "MWorMC": 0,
          "bonuses": 0,
          "weaponDef": 0,
          "armorShield": 0
        },
        "combatCloDefTwo": {
          "basic": 0,
          "MWorMC": 0,
          "bonuses": 0,
          "weaponDef": 0,
          "armorShield": 0
        },
        "combatCloDefThree": {
          "basic": 0,
          "MWorMC": 0,
          "bonuses": 0,
          "weaponDef": 0,
          "armorShield": 0
        },
        "combatGrenadeOne": {
          "name": "",
          "explosionRadius": "",
          "damage": ""
        },
        "combatGrenadeTwo": {
          "name": "",
          "explosionRadius": "",
          "damage": ""
        },
        "combatGrenadeThree": {
          "name": "",
          "explosionRadius": "",
          "damage": ""
        },
        "combatArmorsOne": {
          "name": "",
          "closeCombat": "",
          "ballistic": ""
        },
        "combatArmorsTwo": {
          "name": "",
          "closeCombat": "",
          "ballistic": ""
        },
        "combatArmorsThree": {
          "name": "",
          "closeCombat": "",
          "ballistic": ""
        },
        "combatShieldOne": {
          "name": "",
          "closeDef": "",
          "rangeDef": ""
        },
        "combatShieldTwo": {
          "name": "",
          "closeDef": "",
          "rangeDef": ""
        },
        "combatShieldThree": {
          "name": "",
          "closeDef": "",
          "rangeDef": ""
        },
        "atuts": {
          "one": {
            "name": "",
            "requirement": "",
            "activation": "",
            "rule": ""
          },
          "two": {
            "name": "",
            "requirement": "",
            "activation": "",
            "rule": ""
          },
          "three": {
            "name": "",
            "requirement": "",
            "activation": "",
            "rule": ""
          },
          "four": {
            "name": "",
            "requirement": "",
            "activation": "",
            "rule": ""
          },
          "five": {
            "name": "",
            "requirement": "",
            "activation": "",
            "rule": ""
          },
          "six": {
            "name": "",
            "requirement": "",
            "activation": "",
            "rule": ""
          },
          "seven": {
            "name": "",
            "requirement": "",
            "activation": "",
            "rule": ""
          },
          "eight": {
            "name": "",
            "requirement": "",
            "activation": "",
            "rule": ""
          },
          "nine": {
            "name": "",
            "requirement": "",
            "activation": "",
            "rule": ""
          },
          "ten": {
            "name": "",
            "requirement": "",
            "activation": "",
            "rule": ""
          }
        },
        "implants": {
          "one": {
            "name": "",
            "requirement": "",
            "neurostability": "",
            "description": "",
            "rules": ""
          },
          "two": {
            "name": "",
            "requirement": "",
            "neurostability": "",
            "description": "",
            "rules": ""
          },
          "three": {
            "name": "",
            "requirement": "",
            "neurostability": "",
            "description": "",
            "rules": ""
          },
          "four": {
            "name": "",
            "requirement": "",
            "neurostability": "",
            "description": "",
            "rules": ""
          },
          "five": {
            "name": "",
            "requirement": "",
            "neurostability": "",
            "description": "",
            "rules": ""
          },
          "six": {
            "name": "",
            "requirement": "",
            "neurostability": "",
            "description": "",
            "rules": ""
          },
          "seven": {
            "name": "",
            "requirement": "",
            "neurostability": "",
            "description": "",
            "rules": ""
          },
          "eight": {
            "name": "",
            "requirement": "",
            "neurostability": "",
            "description": "",
            "rules": ""
          },
          "nine": {
            "name": "",
            "requirement": "",
            "neurostability": "",
            "description": "",
            "rules": ""
          },
          "ten": {
            "name": "",
            "requirement": "",
            "neurostability": "",
            "description": "",
            "rules": ""
          }
        },
        "traits": {
          "one": {
            "name": "",
            "description": ""
          },
          "two": {
            "name": "",
            "description": ""
          },
          "three": {
            "name": "",
            "description": ""
          }
        },
        "entropicPower": {
          "one": {
            "name": "",
            "range": "",
            "testLvl": "",
            "entropy": "",
            "description": "",
            "charge": "",
            "strongCharge": "",
            "epicCharge": ""
          },
          "two": {
            "name": "",
            "range": "",
            "testLvl": "",
            "entropy": "",
            "description": "",
            "charge": "",
            "strongCharge": "",
            "epicCharge": ""
          },
          "three": {
            "name": "",
            "range": "",
            "testLvl": "",
            "entropy": "",
            "description": "",
            "charge": "",
            "strongCharge": "",
            "epicCharge": ""
          },
          "four": {
            "name": "",
            "range": "",
            "testLvl": "",
            "entropy": "",
            "description": "",
            "charge": "",
            "strongCharge": "",
            "epicCharge": ""
          },
          "five": {
            "name": "",
            "range": "",
            "testLvl": "",
            "entropy": "",
            "description": "",
            "charge": "",
            "strongCharge": "",
            "epicCharge": ""
          },
          "six": {
            "name": "",
            "range": "",
            "testLvl": "",
            "entropy": "",
            "description": "",
            "charge": "",
            "strongCharge": "",
            "epicCharge": ""
          },
          "seven": {
            "name": "",
            "range": "",
            "testLvl": "",
            "entropy": "",
            "description": "",
            "charge": "",
            "strongCharge": "",
            "epicCharge": ""
          },
          "eight": {
            "name": "",
            "range": "",
            "testLvl": "",
            "entropy": "",
            "description": "",
            "charge": "",
            "strongCharge": "",
            "epicCharge": ""
          },
          "nine": {
            "name": "",
            "range": "",
            "testLvl": "",
            "entropy": "",
            "description": "",
            "charge": "",
            "strongCharge": "",
            "epicCharge": ""
          },
          "ten": {
            "name": "",
            "range": "",
            "testLvl": "",
            "entropy": "",
            "description": "",
            "charge": "",
            "strongCharge": "",
            "epicCharge": ""
          }
        }
      },
      "character": {
        "templates": ["common"]
      },
      "npc": {
        "templates": ["common"]
      }
    },
    "Item": {
      "types": [
        "meleeWeapon",
        "shortWeapon",
        "longWeapon",
        "throwWeapon",
        "armor",
        "shield",
        "energyShield",
        "items",
        "vehicle"
      ],
      "templates": {
        "itemDescription": {
          "description": "Description"
        }
      },
      "meleeWeapon": {
        "templates": ["itemDescription"],
        "type": "L",
        "damage": 0,
        "accuracy": 0,
        "defense": 0,
        "specialRules": ""
      },
      "shortWeapon": {
        "templates": ["itemDescription"],
        "damage": 0,
        "accuracy": 0,
        "attacks": 0,
        "specialRules": ""
      },
      "longWeapon": {
        "templates": ["itemDescription"],
        "damage": 0,
        "accuracy": 0,
        "attacks": 0,
        "specialRules": ""
      }
    }
  }
}
